{
  "project_info": {
    "project_number": "6816140577",
    "project_id": "fir-pmu",
    "storage_bucket": "fir-pmu.appspot.com"
  },
  "client": [
    {
      "client_info": {
        "mobilesdk_app_id": "1:6816140577:android:eb109e40faf94bef734260",
        "android_client_info": {
          "package_name": "com.petar.petarl_pmuv2"
        }
      },
      "oauth_client": [],
      "api_key": [
        {
          "current_key": "AIzaSyD_8g5fhABVIP5GmaN8ZfOKgaxj7-BB2Qs"
        }
      ],
      "services": {
        "appinvite_service": {
          "other_platform_oauth_client": []
        }
      }
    }
  ],
  "configuration_version": "1"
}