{
  "project_info": {
    "project_number": "361314536101",
    "project_id": "fire-52ddf",
    "storage_bucket": "fire-52ddf.appspot.com"
  },
  "client": [
    {
      "client_info": {
        "mobilesdk_app_id": "1:361314536101:android:2c3cd8c2fe3dca374adb4c",
        "android_client_info": {
          "package_name": "com.Petar.firebasepl"
        }
      },
      "oauth_client": [],
      "api_key": [
        {
          "current_key": "AIzaSyDnUMRV_IrEsxFA7IlkPzz2IryiAWm6yEg"
        }
      ],
      "services": {
        "appinvite_service": {
          "other_platform_oauth_client": []
        }
      }
    }
  ],
  "configuration_version": "1"
}